section,row,id,label,romaji,meaning_en,image_path,audio_text
hiragana,a-row,a-ai,あい,ai,love,word-icons/hiragana/a-ai.webp,愛。
hiragana,a-row,a-ie,いえ,ie,house,word-icons/hiragana/a-ie.webp,家。
hiragana,a-row,a-ue,うえ,ue,up / above,word-icons/hiragana/a-ue.webp,
hiragana,a-row,a-ao,あお,ao,blue,word-icons/hiragana/a-ao.webp,青。
hiragana,ka-row,ka-aka,あか,aka,red,word-icons/hiragana/ka-aka.webp,赤。
hiragana,ka-row,ka-kao,かお,kao,face,word-icons/hiragana/ka-kao.webp,顔
hiragana,ka-row,ka-ika,いか,ika,squid,word-icons/hiragana/ka-ika.webp,イカ
hiragana,ka-row,ka-kagi,かぎ,kagi,key,word-icons/hiragana/ka-kagi.webp,鍵
hiragana,ka-row,ka-koko,ここ,koko,here,word-icons/hiragana/ka-koko.webp,
hiragana,ka-row,ka-gogo,ごご,gogo,afternoon,word-icons/hiragana/ka-gogo.webp,午後
hiragana,ka-row,ka-kau,かう,kau,to buy,word-icons/hiragana/ka-kau.webp,買う
hiragana,ka-row,ka-kiku,きく,kiku,to listen,word-icons/hiragana/ka-kiku.webp,聞く。
hiragana,ka-row,ka-eki,えき,eki,station,word-icons/hiragana/ka-eki.webp,駅
hiragana,ka-row,ka-gaikoku,がいこく,gaikoku,foreign country,word-icons/hiragana/ka-gaikoku.webp,外国
hiragana,sa-row,sa-asa,あさ,asa,morning,word-icons/hiragana/sa-asa.webp,朝
hiragana,sa-row,sa-isu,いす,isu,chair,word-icons/hiragana/sa-isu.webp,椅子
hiragana,sa-row,sa-kasa,かさ,kasa,umbrella,word-icons/hiragana/sa-kasa.webp,傘
hiragana,sa-row,sa-suki,すき,suki,to like,word-icons/hiragana/sa-suki.webp,好き
hiragana,sa-row,sa-sekai,せかい,sekai,world,word-icons/hiragana/sa-sekai.webp,世界。
hiragana,sa-row,sa-kazu,かず,kazu,number,word-icons/hiragana/sa-kazu.webp,
hiragana,sa-row,sa-okashi,おかし,okashi,snack,word-icons/hiragana/sa-okashi.webp,お菓子
hiragana,sa-row,sa-sake,さけ,sake,sake (alcohol),word-icons/hiragana/sa-sake.webp,
hiragana,sa-row,sa-sushi,すし,sushi,sushi,word-icons/hiragana/sa-sushi.webp,寿司。
hiragana,ta-row,ta-te,て,te,hand,word-icons/hiragana/ta-te.webp,手。
hiragana,ta-row,ta-kutsu,くつ,kutsu,shoes,word-icons/hiragana/ta-kutsu.webp,靴
hiragana,ta-row,ta-ito,いと,ito,thread,word-icons/hiragana/ta-ito.webp,糸。
hiragana,ta-row,ta-chizu,ちず,chizu,map,word-icons/hiragana/ta-chizu.webp,地図。
hiragana,ta-row,ta-tako,たこ,tako,octopus,word-icons/hiragana/ta-tako.webp,
hiragana,ta-row,ta-tsuki,つき,tsuki,moon,word-icons/hiragana/ta-tsuki.webp,月。
hiragana,ta-row,ta-soto,そと,soto,outside,word-icons/hiragana/ta-soto.webp,外
hiragana,ta-row,ta-uta,うた,uta,song,word-icons/hiragana/ta-uta.webp,歌
hiragana,ta-row,ta-shigoto,しごと,shigoto,job / work,word-icons/hiragana/ta-shigoto.webp,仕事
hiragana,ta-row,ta-chikatetsu,ちかてつ,chikatetsu,subway,word-icons/hiragana/ta-chikatetsu.webp,地下鉄。
hiragana,na-row,na-neko,ねこ,neko,cat,word-icons/hiragana/na-neko.webp,猫。
hiragana,na-row,na-inu,いぬ,inu,dog,word-icons/hiragana/na-inu.webp,犬
hiragana,na-row,na-sakana,さかな,sakana,fish,word-icons/hiragana/na-sakana.webp,魚
hiragana,na-row,na-natsu,なつ,natsu,summer,word-icons/hiragana/na-natsu.webp,夏。
hiragana,na-row,na-nani,なに,nani,what,word-icons/hiragana/na-nani.webp,
hiragana,na-row,na-kuni,くに,kuni,country,word-icons/hiragana/na-kuni.webp,国
hiragana,na-row,na-okane,おかね,okane,money,word-icons/hiragana/na-okane.webp,お金
hiragana,na-row,na-niku,にく,niku,meat,word-icons/hiragana/na-niku.webp,肉
hiragana,ha-row,ha-hana,はな,hana,flower,word-icons/hiragana/ha-hana.webp,花
hiragana,ha-row,ha-hito,ひと,hito,person,word-icons/hiragana/ha-hito.webp,人
hiragana,ha-row,ha-hoshi,ほし,hoshi,star,word-icons/hiragana/ha-hoshi.webp,星。
hiragana,ha-row,ha-kutsushita,くつした,kutsushita,socks,word-icons/hiragana/ha-kutsushita.webp,靴下
hiragana,ha-row,ha-fune,ふね,fune,boat,word-icons/hiragana/ha-fune.webp,船。
hiragana,ha-row,ha-buta,ぶた,buta,pig,word-icons/hiragana/ha-buta.webp,豚
hiragana,ha-row,ha-haha,はは,haha,mother,word-icons/hiragana/ha-haha.webp,母。
hiragana,ha-row,ha-hebi,へび,hebi,snake,word-icons/hiragana/ha-hebi.webp,蛇。
hiragana,ha-row,ha-soba,そば,soba,soba noodles,word-icons/hiragana/ha-soba.webp,蕎麦
hiragana,ma-row,ma-mizu,みず,mizu,water,word-icons/hiragana/ma-mizu.webp,水
hiragana,ma-row,ma-ame,あめ,ame,rain,word-icons/hiragana/ma-ame.webp,雨
hiragana,ma-row,ma-kumo,くも,kumo,cloud,word-icons/hiragana/ma-kumo.webp,雲。
hiragana,ma-row,ma-mado,まど,mado,window,word-icons/hiragana/ma-mado.webp,窓
hiragana,ma-row,ma-mimi,みみ,mimi,ear,word-icons/hiragana/ma-mimi.webp,
hiragana,ma-row,ma-tamago,たまご,tamago,egg,word-icons/hiragana/ma-tamago.webp,卵
hiragana,ma-row,ma-kudamono,くだもの,kudamono,fruit,word-icons/hiragana/ma-kudamono.webp,果物。
hiragana,ma-row,ma-namae,なまえ,namae,name,word-icons/hiragana/ma-namae.webp,名前。
hiragana,ma-row,ma-nezumi,ねずみ,nezumi,mouse,word-icons/hiragana/ma-nezumi.webp,ネズミ
hiragana,ma-row,ma-megane,めがね,megane,glasses,word-icons/hiragana/ma-megane.webp,眼鏡。
hiragana,ma-row,ma-tomodachi,ともだち,tomodachi,friend,word-icons/hiragana/ma-tomodachi.webp,友達
hiragana,ma-row,ma-sashimi,さしみ,sashimi,sashimi,word-icons/hiragana/ma-sashimi.webp,刺身。
hiragana,ya-row,ya-yama,やま,yama,mountain,word-icons/hiragana/ya-yama.webp,山。
hiragana,ya-row,ya-yuki,ゆき,yuki,snow,word-icons/hiragana/ya-yuki.webp,雪
hiragana,ya-row,ya-yasai,やさい,yasai,vegetable,word-icons/hiragana/ya-yasai.webp,野菜
hiragana,ya-row,ya-yume,ゆめ,yume,dream,word-icons/hiragana/ya-yume.webp,夢
hiragana,ya-row,ya-oyogu,およぐ,oyogu,to swim,word-icons/hiragana/ya-oyogu.webp,泳ぐ
hiragana,ya-row,ya-hayai,はやい,hayai,fast,word-icons/hiragana/ya-hayai.webp,速い。
hiragana,ya-row,ya-okonomiyaki,おこのみやき,okonomiyaki,okonomiyaki (savory pancake),word-icons/hiragana/ya-okonomiyaki.webp,お好み焼き
hiragana,ya-row,ya-takoyaki,たこやき,takoyaki,takoyaki (octopus balls),word-icons/hiragana/ya-takoyaki.webp,たこ焼き
hiragana,ra-row,ra-sakura,さくら,sakura,cherry blossom,word-icons/hiragana/ra-sakura.webp,桜。
hiragana,ra-row,ra-kuruma,くるま,kuruma,car,word-icons/hiragana/ra-kuruma.webp,車
hiragana,ra-row,ra-tori,とり,tori,bird,word-icons/hiragana/ra-tori.webp,鳥。
hiragana,ra-row,ra-iro,いろ,iro,color,word-icons/hiragana/ra-iro.webp,色
hiragana,ra-row,ra-shiro,しろ,shiro,white,word-icons/hiragana/ra-shiro.webp,白
hiragana,ra-row,ra-sora,そら,sora,sky,word-icons/hiragana/ra-sora.webp,空
hiragana,ra-row,ra-yoru,よる,yoru,night,word-icons/hiragana/ra-yoru.webp,夜
hiragana,ra-row,ra-karaage,からあげ,karaage,fried chicken,word-icons/hiragana/ra-karaage.webp,唐揚げ。
hiragana,ra-row,ra-misoshiru,みそしる,misoshiru,miso soup,word-icons/hiragana/ra-misoshiru.webp,味噌汁
hiragana,ra-row,ra-onigiri,おにぎり,onigiri,rice ball,word-icons/hiragana/ra-onigiri.webp,
hiragana,wa-row,wa-watashi,わたし,watashi,I / me,word-icons/hiragana/wa-watashi.webp,
hiragana,wa-row,wa-hon,ほん,hon,book,word-icons/hiragana/wa-hon.webp,本。
hiragana,wa-row,wa-nihon,にほん,nihon,Japan,word-icons/hiragana/wa-nihon.webp,日本。
hiragana,wa-row,wa-en,えん,en,yen,word-icons/hiragana/wa-en.webp,円
hiragana,wa-row,wa-niwatori,にわとり,niwatori,chicken (bird),word-icons/hiragana/wa-niwatori.webp,
hiragana,wa-row,wa-kanpai,かんぱい,kanpai,cheers,word-icons/hiragana/wa-kanpai.webp,乾杯。
hiragana,wa-row,wa-tenpura,てんぷら,tenpura,tempura,word-icons/hiragana/wa-tenpura.webp,天ぷら
hiragana,wa-row,wa-tonkatsu,とんかつ,tonkatsu,pork cutlet,word-icons/hiragana/wa-tonkatsu.webp,豚カツ。
katakana,katakana-a-row,katakana-a-kaki,カキ,kaki,oyster,word-icons/katakana-a-kaki.webp,
katakana,katakana-a-row,katakana-a-keeki,ケーキ,keeki,cake,word-icons/katakana-a-keeki.webp,
katakana,katakana-a-row,katakana-a-koin,コイン,koin,coin,word-icons/katakana-a-koin.webp,
katakana,katakana-a-row,katakana-a-aikon,アイコン,aikon,icon (e.g. an app icon),word-icons/katakana-a-aikon.webp,
katakana,katakana-a-row,katakana-a-eakon,エアコン,eakon,air conditioner,word-icons/katakana-a-eakon.webp,
katakana,katakana-a-row,katakana-a-kiui,キウイ,kiui,kiwi (fruit or bird),word-icons/katakana-a-kiui.webp,
katakana,katakana-a-row,katakana-a-kokoa,ココア,kokoa,cocoa,word-icons/katakana-a-kokoa.webp,
katakana,katakana-a-row,katakana-a-kakao,カカオ,kakao,cacao,,
katakana,katakana-a-row,katakana-a-gia,ギア,gia,gear (e.g. on a bicycle),,
katakana,katakana-sa-row,katakana-sa-aisu,アイス,aisu,ice cream,,
katakana,katakana-sa-row,katakana-sa-zou,ゾウ,zou,elephant,,
katakana,katakana-sa-row,katakana-sa-sai,サイ,sai,rhinoceros,,
katakana,katakana-sa-row,katakana-sa-kuizu,クイズ,kuizu,quiz,,
katakana,katakana-sa-row,katakana-sa-soosu,ソース,soosu,sauce,,
katakana,katakana-sa-row,katakana-sa-sain,サイン,sain,autograph / signature,,
katakana,katakana-sa-row,katakana-sa-saizu,サイズ,saizu,size,,
katakana,katakana-sa-row,katakana-sa-sukii,スキー,sukii,ski / skiing,,
katakana,katakana-sa-row,katakana-sa-sooseeji,ソーセージ,sooseeji,sausage,,
katakana,katakana-sa-row,katakana-sa-keesu,ケース,keesu,case,,
katakana,katakana-ta-row,katakana-ta-tokage,トカゲ,tokage,lizard,,
katakana,katakana-ta-row,katakana-ta-tesuto,テスト,tesuto,test,,
katakana,katakana-ta-row,katakana-ta-tai,タイ,tai,Thailand,,
katakana,katakana-ta-row,katakana-ta-doitsu,ドイツ,doitsu,Germany,,
katakana,katakana-ta-row,katakana-ta-aidea,アイデア,aidea,idea,,
katakana,katakana-ta-row,katakana-ta-toosuto,トースト,toosuto,toast,,
katakana,katakana-ta-row,katakana-ta-tento,テント,tento,tent,,
katakana,katakana-ta-row,katakana-ta-santa,サンタ,santa,Santa (Claus),,
katakana,katakana-ta-row,katakana-ta-chiizu,チーズ,chiizu,cheese,,
katakana,katakana-na-row,katakana-na-kani,カニ,kani,crab,,
katakana,katakana-na-row,katakana-na-tenisu,テニス,tenisu,tennis,,
katakana,katakana-na-row,katakana-na-nasu,ナス,nasu,eggplant,,
katakana,katakana-na-row,katakana-na-nooto,ノート,nooto,notebook,,
katakana,katakana-na-row,katakana-na-antena,アンテナ,antena,antenna,,
katakana,katakana-na-row,katakana-na-sauna,サウナ,sauna,sauna,,
katakana,katakana-na-row,katakana-na-doonatsu,ドーナツ,doonatsu,donut,,
katakana,katakana-na-row,katakana-na-kanuu,カヌー,kanuu,canoe,,
katakana,katakana-ha-row,katakana-ha-pan,パン,pan,bread,,
katakana,katakana-ha-row,katakana-ha-basu,バス,basu,bus,,
katakana,katakana-ha-row,katakana-ha-kaba,カバ,kaba,hippopotamus,,
katakana,katakana-ha-row,katakana-ha-panda,パンダ,panda,panda,,
katakana,katakana-ha-row,katakana-ha-piza,ピザ,piza,pizza,,
katakana,katakana-ha-row,katakana-ha-pasuta,パスタ,pasuta,pasta,,
katakana,katakana-ha-row,katakana-ha-banana,バナナ,banana,banana,,
katakana,katakana-ha-row,katakana-ha-papa,パパ,papa,dad,,
katakana,katakana-ha-row,katakana-ha-piano,ピアノ,piano,piano,,
katakana,katakana-ha-row,katakana-ha-pinku,ピンク,pinku,pink,,
katakana,katakana-ma-row,katakana-ma-mama,ママ,mama,mom,,
katakana,katakana-ma-row,katakana-ma-anime,アニメ,anime,anime,,
katakana,katakana-ma-row,katakana-ma-tomato,トマト,tomato,tomato,,
katakana,katakana-ma-row,katakana-ma-same,サメ,same,shark,,
katakana,katakana-ma-row,katakana-ma-memo,メモ,memo,memo / note,,
katakana,katakana-ma-row,katakana-ma-gomu,ゴム,gomu,rubber / eraser,,
katakana,katakana-ma-row,katakana-ma-misu,ミス,misu,mistake,,
katakana,katakana-ma-row,katakana-ma-geemu,ゲーム,geemu,game,,
katakana,katakana-ma-row,katakana-ma-masuku,マスク,masuku,mask,,
katakana,katakana-ya-row,katakana-ya-hiyoko,ヒヨコ,hiyoko,baby chick,,
katakana,katakana-ya-row,katakana-ya-taiya,タイヤ,taiya,tire,,
katakana,katakana-ya-row,katakana-ya-yoga,ヨガ,yoga,yoga,,
katakana,katakana-ya-row,katakana-ya-moyashi,モヤシ,moyashi,bean sprouts,,
katakana,katakana-ya-row,katakana-ya-yagi,ヤギ,yagi,goat,,
katakana,katakana-ra-row,katakana-ra-terebi,テレビ,terebi,TV,,
katakana,katakana-ra-row,katakana-ra-karee,カレー,karee,curry,,
katakana,katakana-ra-row,katakana-ra-wani,ワニ,wani,crocodile / alligator,,
katakana,katakana-ra-row,katakana-ra-koara,コアラ,koara,koala,,
katakana,katakana-ra-row,katakana-ra-tora,トラ,tora,tiger,,
katakana,katakana-ra-row,katakana-ra-kamera,カメラ,kamera,camera,,
katakana,katakana-ra-row,katakana-ra-sarada,サラダ,sarada,salad,,
katakana,katakana-ra-row,katakana-ra-rajio,ラジオ,rajio,radio,,
katakana,katakana-ra-row,katakana-ra-booru,ボール,booru,ball,,
other,sokuon-row,sokuon-oto,おと,oto,sound,,音
other,sokuon-row,sokuon-otto,おっと,otto,husband,,夫
other,sokuon-row,sokuon-kako,かこ,kako,the past,,
other,sokuon-row,sokuon-kakko,かっこ,kakko,parentheses / brackets ( ),,括弧。
other,sokuon-row,sokuon-katakana-bagu,バグ,bagu,bug (software),,
other,sokuon-row,sokuon-katakana-baggu,バッグ,baggu,bag,,
other,sokuon-row,sokuon-kite,きて,kite,come (please come),,来て
other,sokuon-row,sokuon-kitte,きって,kitte,cut (please cut),,切って
other,sokuon-row,sokuon-mate,まて,mate,wait!,,待て。
other,sokuon-row,sokuon-matte,まって,matte,please wait,,待って
other,sokuon-row,sokuon-mote,もて,mote,hold!,,持て。
other,sokuon-row,sokuon-motte,もって,motte,please hold,,持って
other,sokuon-row,sokuon-iki,いき,iki,breath,,息。
other,sokuon-row,sokuon-ikki,いっき,ikki,all at once,,一気。
other,sokuon-row,sokuon-machi,まち,machi,town,,
other,sokuon-row,sokuon-katakana-macchi,マッチ,macchi,match (for lighting),,
other,chouon-a-row,chouon-a-obasan,おばさん,obasan,aunt,,叔母さん。
other,chouon-a-row,chouon-a-obaasan,おばあさん,obaasan,grandmother,,お祖母さん。
other,chouon-a-row,chouon-a-okaasan,おかあさん,okaasan,mother,,お母さん。
other,chouon-a-row,chouon-a-maamaa,まあまあ,maamaa,so-so / not bad,,
other,chouon-i-row,chouon-i-ojisan,おじさん,ojisan,uncle,,叔父さん
other,chouon-i-row,chouon-i-ojiisan,おじいさん,ojiisan,grandfather,,お祖父さん。
other,chouon-i-row,chouon-i-oniisan,おにいさん,oniisan,older brother,,お兄さん。
other,chouon-i-row,chouon-i-ii,いい,ii,good,,
other,chouon-u-row,chouon-u-yuuki,ゆうき,yuuki,courage,,勇気
other,chouon-u-row,chouon-u-suuji,すうじ,suuji,number / digit,,数字。
other,chouon-u-row,chouon-u-fuusen,ふうせん,fuusen,balloon,,風船
other,chouon-u-row,chouon-u-kuuki,くうき,kuuki,air,,空気
other,chouon-e-row,chouon-e-eiga,えいが,eiga,movie,,映画
other,chouon-e-row,chouon-e-yuumei,ゆうめい,yuumei,famous,,有名
other,chouon-e-row,chouon-e-teinei,ていねい,teinei,polite / careful,,丁寧。
other,chouon-e-row,chouon-e-oneesan,おねえさん,oneesan,older sister,,お姉さん
other,chouon-o-row,chouon-o-otouto,おとうと,otouto,younger brother,,
other,chouon-o-row,chouon-o-ohayou,おはよう,ohayou,good morning,,
other,chouon-o-row,chouon-o-koukou,こうこう,koukou,high school,,高校
other,chouon-o-row,chouon-o-ookii,おおきい,ookii,big,,大きい。
other,chouon-o-row,chouon-o-tooi,とおい,tooi,far,,遠い。
other,chouon-o-row,chouon-o-koori,こおり,koori,ice,,氷。
other,chouon-katakana-row,chouon-katakana-biru,ビル,biru,building,,
other,chouon-katakana-row,chouon-katakana-biiru,ビール,biiru,beer,,
other,chouon-katakana-row,chouon-katakana-koohii,コーヒー,koohii,coffee,,
other,chouon-katakana-row,chouon-katakana-koora,コーラ,koora,cola,,
youon,youon-ka-row,youon-ka-kyaku,きゃく,kyaku,customer / guest,,客。
youon,youon-ka-row,youon-ka-kyou,きょう,kyou,today,,今日
youon,youon-ka-row,youon-ka-kyoushitsu,きょうしつ,kyoushitsu,classroom,,教室
youon,youon-ka-row,youon-ka-gyouza,ぎょうざ,gyouza,dumpling,,餃子
youon,youon-ka-row,youon-ka-gyaku,ぎゃく,gyaku,opposite / reverse,,逆
youon,youon-ka-row,youon-ka-kingyo,きんぎょ,kingyo,goldfish,,金魚。
youon,youon-ka-row,youon-ka-gyuuniku,ぎゅうにく,gyuuniku,beef,,牛肉。
youon,youon-sha-row,youon-sha-shashin,しゃしん,shashin,photo,,写真
youon,youon-sha-row,youon-sha-densha,でんしゃ,densha,train,,電車
youon,youon-sha-row,youon-sha-kaisha,かいしゃ,kaisha,company,,会社
youon,youon-sha-row,youon-sha-jisho,じしょ,jisho,dictionary,,辞書
youon,youon-sha-row,youon-sha-shukudai,しゅくだい,shukudai,homework,,宿題
youon,youon-sha-row,youon-sha-jagaimo,じゃがいも,jagaimo,potato,,じゃが芋
youon,youon-sha-row,youon-sha-juu,じゅう,juu,ten,,十
youon,youon-sha-row,youon-sha-jouzu,じょうず,jouzu,skillful,,上手
youon,youon-cha-na-row,youon-cha-na-ocha,おちゃ,ocha,tea,,お茶
youon,youon-cha-na-row,youon-cha-na-chawan,ちゃわん,chawan,rice bowl,,茶碗。
youon,youon-cha-na-row,youon-cha-na-chou,ちょう,chou,butterfly,,
youon,youon-cha-na-row,youon-cha-na-chuui,ちゅうい,chuui,caution / attention,,注意。
youon,youon-cha-na-row,youon-cha-na-omocha,おもちゃ,omocha,toy,,
youon,youon-cha-na-row,youon-cha-na-chokin,ちょきん,chokin,savings,,貯金
youon,youon-cha-na-row,youon-cha-na-nyuuin,にゅういん,nyuuin,hospitalization,,入院。
youon,youon-cha-na-row,youon-cha-na-gyuunyuu,ぎゅうにゅう,gyuunyuu,milk,,牛乳
youon,youon-ha-row,youon-ha-hyaku,ひゃく,hyaku,hundred,,百。
youon,youon-ha-row,youon-ha-byouin,びょういん,byouin,hospital,,病院。
youon,youon-ha-row,youon-ha-byouki,びょうき,byouki,sickness,,病気
youon,youon-ha-row,youon-ha-sanbyaku,さんびゃく,sanbyaku,three hundred,,三百。
youon,youon-ma-ra-row,youon-ma-ra-myouji,みょうじ,myouji,surname / family name,,名字。
youon,youon-ma-ra-row,youon-ma-ra-myaku,みゃく,myaku,pulse,,脈
youon,youon-ma-ra-row,youon-ma-ra-bimyou,びみょう,bimyou,subtle / delicate,,
youon,youon-ma-ra-row,youon-ma-ra-ryokou,りょこう,ryokou,travel / trip,,旅行。
youon,youon-ma-ra-row,youon-ma-ra-ryouri,りょうり,ryouri,cooking / cuisine,,料理
youon,youon-ma-ra-row,youon-ma-ra-ryokan,りょかん,ryokan,traditional Japanese inn,,
youon,youon-katakana-ka-row,youon-katakana-ka-kyabetsu,キャベツ,kyabetsu,cabbage,,
youon,youon-katakana-ka-row,youon-katakana-ka-kyanpu,キャンプ,kyanpu,camp,,
youon,youon-katakana-ka-row,youon-katakana-ka-gyagu,ギャグ,gyagu,gag / joke,,
youon,youon-katakana-ka-row,youon-katakana-ka-kyuuri,キュウリ,kyuuri,cucumber (katakana spelling),,
youon,youon-katakana-ka-row,youon-katakana-ka-regyuraa,レギュラー,regyuraa,regular,,
youon,youon-katakana-sha-row,youon-katakana-sha-shatsu,シャツ,shatsu,shirt,,
youon,youon-katakana-sha-row,youon-katakana-sha-shawaa,シャワー,shawaa,shower,,
youon,youon-katakana-sha-row,youon-katakana-sha-shuuto,シュート,shuuto,shoot (sports),,
youon,youon-katakana-sha-row,youon-katakana-sha-shooto,ショート,shooto,short,,
youon,youon-katakana-sha-row,youon-katakana-sha-jamu,ジャム,jamu,jam,,
youon,youon-katakana-sha-row,youon-katakana-sha-juusu,ジュース,juusu,juice,,
youon,youon-katakana-sha-row,youon-katakana-sha-jogingu,ジョギング,jogingu,jogging,,
youon,youon-katakana-cha-na-row,youon-katakana-cha-na-chansu,チャンス,chansu,chance,,
youon,youon-katakana-cha-na-row,youon-katakana-cha-na-chaimu,チャイム,chaimu,chime,,
youon,youon-katakana-cha-na-row,youon-katakana-cha-na-chuubu,チューブ,chuubu,tube,,
youon,youon-katakana-cha-na-row,youon-katakana-cha-na-chooku,チョーク,chooku,chalk,,
youon,youon-katakana-cha-na-row,youon-katakana-cha-na-chokoreeto,チョコレート,chokoreeto,chocolate,,
youon,youon-katakana-cha-na-row,youon-katakana-cha-na-nyuusu,ニュース,nyuusu,news,,
youon,youon-katakana-cha-na-row,youon-katakana-cha-na-manyuaru,マニュアル,manyuaru,manual,,
youon,youon-katakana-cha-na-row,youon-katakana-cha-na-nyuuyooku,ニューヨーク,nyuuyooku,New York,,
youon,youon-katakana-ha-row,youon-katakana-ha-hyou,ヒョウ,hyou,leopard (katakana spelling),,
youon,youon-katakana-ha-row,youon-katakana-ha-hyuuzu,ヒューズ,hyuuzu,fuse (electrical),,
youon,youon-katakana-ha-row,youon-katakana-ha-debyuu,デビュー,debyuu,debut,,
youon,youon-katakana-ha-row,youon-katakana-ha-pyua,ピュア,pyua,pure,,
youon,youon-katakana-ma-ra-row,youon-katakana-ma-ra-myanmaa,ミャンマー,myanmaa,Myanmar,,
youon,youon-katakana-ma-ra-row,youon-katakana-ma-ra-myuujiamu,ミュージアム,myuujiamu,museum,,
youon,youon-katakana-ma-ra-row,youon-katakana-ma-ra-myuuto,ミュート,myuuto,mute,,
youon,youon-katakana-ma-ra-row,youon-katakana-ma-ra-myuujishan,ミュージシャン,myuujishan,musician,,
youon,youon-katakana-ma-ra-row,youon-katakana-ma-ra-boryuumu,ボリューム,boryuumu,volume,,
