id,kana,romaji,stage,path,repositoryPath,sourceFile,sourceOrder,durationSeconds,format,sampleRateHz,channels,bitDepth
sushi,すし,sushi,hiragana,/audio/restaurant/hiragana/sushi.wav,public/audio/restaurant/hiragana/sushi.wav,Menu_Hiragana.mp3,1,0.72,wav,24000,1,16
soba,そば,soba,hiragana,/audio/restaurant/hiragana/soba.wav,public/audio/restaurant/hiragana/soba.wav,Menu_Hiragana.mp3,2,0.66,wav,24000,1,16
udon,うどん,udon,hiragana,/audio/restaurant/hiragana/udon.wav,public/audio/restaurant/hiragana/udon.wav,Menu_Hiragana.mp3,3,0.695,wav,24000,1,16
tenpura,てんぷら,tenpura,hiragana,/audio/restaurant/hiragana/tenpura.wav,public/audio/restaurant/hiragana/tenpura.wav,Menu_Hiragana.mp3,4,0.79,wav,24000,1,16
onigiri,おにぎり,onigiri,hiragana,/audio/restaurant/hiragana/onigiri.wav,public/audio/restaurant/hiragana/onigiri.wav,Menu_Hiragana.mp3,5,0.86,wav,24000,1,16
yakitori,やきとり,yakitori,hiragana,/audio/restaurant/hiragana/yakitori.wav,public/audio/restaurant/hiragana/yakitori.wav,Menu_Hiragana.mp3,6,0.875,wav,24000,1,16
sashimi,さしみ,sashimi,hiragana,/audio/restaurant/hiragana/sashimi.wav,public/audio/restaurant/hiragana/sashimi.wav,Menu_Hiragana.mp3,7,0.8,wav,24000,1,16
tonkatsu,とんかつ,tonkatsu,hiragana,/audio/restaurant/hiragana/tonkatsu.wav,public/audio/restaurant/hiragana/tonkatsu.wav,Menu_Hiragana.mp3,8,0.865,wav,24000,1,16
oden,おでん,oden,hiragana,/audio/restaurant/hiragana/oden.wav,public/audio/restaurant/hiragana/oden.wav,Menu_Hiragana.mp3,9,0.675,wav,24000,1,16
edamame,えだまめ,edamame,hiragana,/audio/restaurant/hiragana/edamame.wav,public/audio/restaurant/hiragana/edamame.wav,Menu_Hiragana.mp3,10,0.85,wav,24000,1,16
misoshiru,みそしる,misoshiru,hiragana,/audio/restaurant/hiragana/misoshiru.wav,public/audio/restaurant/hiragana/misoshiru.wav,Menu_Hiragana.mp3,11,0.865,wav,24000,1,16
karee,カレー,karee,katakana,/audio/restaurant/katakana/karee.wav,public/audio/restaurant/katakana/karee.wav,Menu_Katakana.mp3,1,0.785,wav,24000,1,16
pasuta,パスタ,pasuta,katakana,/audio/restaurant/katakana/pasuta.wav,public/audio/restaurant/katakana/pasuta.wav,Menu_Katakana.mp3,2,0.65,wav,24000,1,16
sarada,サラダ,sarada,katakana,/audio/restaurant/katakana/sarada.wav,public/audio/restaurant/katakana/sarada.wav,Menu_Katakana.mp3,3,0.68,wav,24000,1,16
piza,ピザ,piza,katakana,/audio/restaurant/katakana/piza.wav,public/audio/restaurant/katakana/piza.wav,Menu_Katakana.mp3,4,0.525,wav,24000,1,16
suupu,スープ,suupu,katakana,/audio/restaurant/katakana/suupu.wav,public/audio/restaurant/katakana/suupu.wav,Menu_Katakana.mp3,5,0.72,wav,24000,1,16
hanbaagaa,ハンバーガー,hanbaagaa,katakana,/audio/restaurant/katakana/hanbaagaa.wav,public/audio/restaurant/katakana/hanbaagaa.wav,Menu_Katakana.mp3,6,0.965,wav,24000,1,16
suteeki,ステーキ,suteeki,katakana,/audio/restaurant/katakana/suteeki.wav,public/audio/restaurant/katakana/suteeki.wav,Menu_Katakana.mp3,7,0.76,wav,24000,1,16
poteto,ポテト,poteto,katakana,/audio/restaurant/katakana/poteto.wav,public/audio/restaurant/katakana/poteto.wav,Menu_Katakana.mp3,8,0.64,wav,24000,1,16
chikin,チキン,chikin,katakana,/audio/restaurant/katakana/chikin.wav,public/audio/restaurant/katakana/chikin.wav,Menu_Katakana.mp3,9,0.635,wav,24000,1,16
raamen,ラーメン,raamen,katakana,/audio/restaurant/katakana/raamen.wav,public/audio/restaurant/katakana/raamen.wav,Menu_Katakana.mp3,10,0.705,wav,24000,1,16
koohii,コーヒー,koohii,katakana,/audio/restaurant/katakana/koohii.wav,public/audio/restaurant/katakana/koohii.wav,Menu_Katakana.mp3,11,0.815,wav,24000,1,16
koora,コーラ,koora,katakana,/audio/restaurant/katakana/koora.wav,public/audio/restaurant/katakana/koora.wav,Menu_Katakana.mp3,12,0.605,wav,24000,1,16
miruku,ミルク,miruku,katakana,/audio/restaurant/katakana/miruku.wav,public/audio/restaurant/katakana/miruku.wav,Menu_Katakana.mp3,13,0.685,wav,24000,1,16
purin,プリン,purin,katakana,/audio/restaurant/katakana/purin.wav,public/audio/restaurant/katakana/purin.wav,Menu_Katakana.mp3,14,0.555,wav,24000,1,16
zerii,ゼリー,zerii,katakana,/audio/restaurant/katakana/zerii.wav,public/audio/restaurant/katakana/zerii.wav,Menu_Katakana.mp3,15,0.745,wav,24000,1,16
aisu,アイス,aisu,katakana,/audio/restaurant/katakana/aisu.wav,public/audio/restaurant/katakana/aisu.wav,Menu_Katakana.mp3,16,0.73,wav,24000,1,16
keeki,ケーキ,keeki,katakana,/audio/restaurant/katakana/keeki.wav,public/audio/restaurant/katakana/keeki.wav,Menu_Katakana.mp3,17,0.652,wav,24000,1,16
hotto-doggu,ホットドッグ,hotto doggu,other,/audio/restaurant/other/hotto-doggu.wav,public/audio/restaurant/other/hotto-doggu.wav,Menu_Sokuon.mp3,1,1.115,wav,24000,1,16
sandoicchi,サンドイッチ,sandoicchi,other,/audio/restaurant/other/sandoicchi.wav,public/audio/restaurant/other/sandoicchi.wav,Menu_Sokuon.mp3,2,1.035,wav,24000,1,16
hanbaagaa-setto,ハンバーガーセット,hanbaagaa setto,other,/audio/restaurant/other/hanbaagaa-setto.wav,public/audio/restaurant/other/hanbaagaa-setto.wav,Menu_Sokuon.mp3,3,1.4,wav,24000,1,16
korokke,コロッケ,korokke,other,/audio/restaurant/other/korokke.wav,public/audio/restaurant/other/korokke.wav,Menu_Sokuon.mp3,4,0.84,wav,24000,1,16
kukkii,クッキー,kukkii,other,/audio/restaurant/other/kukkii.wav,public/audio/restaurant/other/kukkii.wav,Menu_Sokuon.mp3,5,0.855,wav,24000,1,16
hotto-kokoa,ホットココア,hotto kokoa,other,/audio/restaurant/other/hotto-kokoa.wav,public/audio/restaurant/other/hotto-kokoa.wav,Menu_Sokuon.mp3,6,1.125,wav,24000,1,16
toufu,とうふ,toufu,other,/audio/restaurant/other/toufu.wav,public/audio/restaurant/other/toufu.wav,Menu_Sokuon.mp3,7,0.68,wav,24000,1,16
chaahan,チャーハン,chaahan,special-katakana,/audio/restaurant/special-katakana/chaahan.wav,public/audio/restaurant/special-katakana/chaahan.wav,Menu_Youon.mp3,1,0.915,wav,24000,1,16
gyouza,ぎょうざ,gyouza,special-katakana,/audio/restaurant/special-katakana/gyouza.wav,public/audio/restaurant/special-katakana/gyouza.wav,Menu_Youon.mp3,2,0.74,wav,24000,1,16
shichuu,シチュー,shichuu,special-katakana,/audio/restaurant/special-katakana/shichuu.wav,public/audio/restaurant/special-katakana/shichuu.wav,Menu_Youon.mp3,3,0.755,wav,24000,1,16
kaferate,カフェラテ,kaferate,special-katakana,/audio/restaurant/special-katakana/kaferate.wav,public/audio/restaurant/special-katakana/kaferate.wav,Menu_Youon.mp3,4,0.935,wav,24000,1,16
mirukutii,ミルクティー,mirukutii,special-katakana,/audio/restaurant/special-katakana/mirukutii.wav,public/audio/restaurant/special-katakana/mirukutii.wav,Menu_Youon.mp3,5,1.075,wav,24000,1,16
orenji-juusu,オレンジジュース,orenji juusu,special-katakana,/audio/restaurant/special-katakana/orenji-juusu.wav,public/audio/restaurant/special-katakana/orenji-juusu.wav,Menu_Youon.mp3,6,1.315,wav,24000,1,16
ryokucha,りょくちゃ,ryokucha,special-katakana,/audio/restaurant/special-katakana/ryokucha.wav,public/audio/restaurant/special-katakana/ryokucha.wav,Menu_Youon.mp3,7,0.8,wav,24000,1,16
pafe,パフェ,pafe,special-katakana,/audio/restaurant/special-katakana/pafe.wav,public/audio/restaurant/special-katakana/pafe.wav,Menu_Youon.mp3,8,0.595,wav,24000,1,16
tiramisu,ティラミス,tiramisu,special-katakana,/audio/restaurant/special-katakana/tiramisu.wav,public/audio/restaurant/special-katakana/tiramisu.wav,Menu_Youon.mp3,9,0.845,wav,24000,1,16
choko-aisu,チョコアイス,choko aisu,special-katakana,/audio/restaurant/special-katakana/choko-aisu.wav,public/audio/restaurant/special-katakana/choko-aisu.wav,Menu_Youon.mp3,10,1.093,wav,24000,1,16
sumimasen,すみません,sumimasen,phrases,/audio/restaurant/phrases/sumimasen.wav,public/audio/restaurant/phrases/sumimasen.wav,"sumimasen,onegaishimasu.mp3",1,1.02,wav,24000,1,16
onegaishimasu,おねがいします,onegaishimasu,phrases,/audio/restaurant/phrases/onegaishimasu.wav,public/audio/restaurant/phrases/onegaishimasu.wav,"sumimasen,onegaishimasu.mp3",2,1.239,wav,24000,1,16
irasshaimase,いらっしゃいませ,irasshaimase,staff,/audio/restaurant/staff/irasshaimase.wav,public/audio/restaurant/staff/irasshaimase.wav,"irasshaimase,kashikomarimashita.mp3",1,0.915,wav,24000,1,16
kashikomarimashita,かしこまりました,kashikomarimashita,staff,/audio/restaurant/staff/kashikomarimashita.wav,public/audio/restaurant/staff/kashikomarimashita.wav,"irasshaimase,kashikomarimashita.mp3",2,0.966,wav,24000,1,16
